Workbook

Sheet Sipariş Verisi
A1: Sipariş No | B1: Tarih | C1: Müşteri Adı | D1: Şehir | E1: Ürün Kategorisi | F1: Ürün Adı | G1: Adet | H1: Birim Fiyat | I1: Sipariş Durumu | J1: Tutar (Adet x Birim Fiyat)
A2: 1001 | B2: 2026-03-01 | C2: Ayşe Yılmaz | D2: İstanbul | E2: Kadın Giyim | F2: Tayt | G2: 2 | H2: 250 | I2: Tamamlandı | J2: =G2*H2 -> 500
A3: 1002 | B3: 2026-03-01 | C3: Mehmet Kaya | D3: Ankara | E3: Erkek Giyim | F3: T-Shirt | G3: 1 | H3: 300 | I3: Tamamlandı | J3: =G3*H3 -> 300
A4: 1003 | B4: 2026-03-02 | C4: Zeynep Demir | D4: İzmir | E4: Kadın Giyim | F4: Spor Sütyeni | G4: 1 | H4: 200 | I4: İade | J4: =G4*H4 -> 200
A5: 1004 | B5: 2026-03-02 | C5: Ali Can | D5: İstanbul | E5: Aksesuar | F5: Şapka | G5: 3 | H5: 150 | I5: Tamamlandı | J5: =G5*H5 -> 450
A6: 1005 | B6: 2026-03-03 | C6: Elif Arslan | D6: Bursa | E6: Kadın Giyim | F6: Tayt | G6: 1 | H6: 250 | I6: Tamamlandı | J6: =G6*H6 -> 250
A7: 1006 | B7: 2026-03-03 | C7: Burak Yıldız | D7: İstanbul | E7: Erkek Giyim | F7: Hoodie | G7: 2 | H7: 500 | I7: Tamamlandı | J7: =G7*H7 -> 1000
A8: 1007 | B8: 2026-03-04 | C8: Ceren Şahin | D8: İzmir | E8: Kadın Giyim | F8: Tayt | G8: 1 | H8: 250 | I8: İade | J8: =G8*H8 -> 250
A9: 1008 | B9: 2026-03-04 | C9: Emre Aydın | D9: Antalya | E9: Aksesuar | F9: Çanta | G9: 1 | H9: 400 | I9: Tamamlandı | J9: =G9*H9 -> 400
I10: TOPLAM | J10: =SUM(J2:J9) -> 3350

Sheet İade Edilen Siparişler
A1: Sipariş Durumu | B1: İade
A3: Satır Etiketleri | B3: Toplam Tutar (Adet x Birim Fiyat) | C3: Toplam Birim Fiyat | D3: Toplam Adet
A4: Spor Sütyeni | B4: 200 | C4: 200 | D4: 1
A5: Tayt | B5: 250 | C5: 250 | D5: 1
A6: Genel Toplam | B6: 450 | C6: 450 | D6: 2

Sheet En Çok Satış Yapılan Şehir
A3: Satır Etiketleri | B3: Toplam Adet
A4: Ankara | B4: 1
A5: Antalya | B5: 1
A6: Bursa | B6: 1
A7: İstanbul | B7: 7
A8: İzmir | B8: 2
A9: Genel Toplam | B9: 12
A12: En Çok Satış Yapılan Şehir: | B12: =INDEX(A4:A8,MATCH(MAX(B4:B8),B4:B8,0)) -> İstanbul

Sheet Kategori Analizi
A1: ÜRÜN KATEGORİSİ BAZINDA ANALİZ
A3: Ürün Kategorisi | B3: Satılan Adet | C3: Toplam Satış Tutarı (TL) | D3: İade Adedi | E3: İade Oranı
A4: Aksesuar | B4: =SUMIFS('Sipariş Verisi'!$G$2:$G$9,'Sipariş Verisi'!$E$2:$E$9,A4) -> 4 | C4: =SUMIFS('Sipariş Verisi'!$J$2:$J$9,'Sipariş Verisi'!$E$2:$E$9,A4) -> 850 | D4: =COUNTIFS('Sipariş Verisi'!$E$2:$E$9,A4,'Sipariş Verisi'!$I$2:$I$9,"Iade") -> 0 | E4: =D4/COUNTIF('Sipariş Verisi'!$E$2:$E$9,A4) -> 0
A5: Erkek Giyim | B5: =SUMIFS('Sipariş Verisi'!$G$2:$G$9,'Sipariş Verisi'!$E$2:$E$9,A5) -> 3 | C5: =SUMIFS('Sipariş Verisi'!$J$2:$J$9,'Sipariş Verisi'!$E$2:$E$9,A5) -> 1300 | D5: =COUNTIFS('Sipariş Verisi'!$E$2:$E$9,A5,'Sipariş Verisi'!$I$2:$I$9,"Iade") -> 0 | E5: =D5/COUNTIF('Sipariş Verisi'!$E$2:$E$9,A5) -> 0
A6: Kadın Giyim | B6: =SUMIFS('Sipariş Verisi'!$G$2:$G$9,'Sipariş Verisi'!$E$2:$E$9,A6) -> 5 | C6: =SUMIFS('Sipariş Verisi'!$J$2:$J$9,'Sipariş Verisi'!$E$2:$E$9,A6) -> 1200 | D6: =COUNTIFS('Sipariş Verisi'!$E$2:$E$9,A6,'Sipariş Verisi'!$I$2:$I$9,"İade") -> 2 | E6: =D6/COUNTIF('Sipariş Verisi'!$E$2:$E$9,A6) -> 0.5
A8: En Çok Satılan Kategori (Tutar Bazlı): | B8: =INDEX(A4:A6,MATCH(MAX(C4:C6),C4:C6,0)) -> Erkek Giyim
A9: En Çok Satılan Kategori (Adet Bazlı): | B9: =INDEX(A4:A6,MATCH(MAX(B4:B6),B4:B6,0)) -> Kadın Giyim

Sheet Toplam Ciro
A1: Toplam Ciro (İade Siparişler Hariç)
A3: Açıklama | B3: Tutar (TL)
A4: Toplam Satış Tutarı (İade Dahil) | B4: =SUM('Sipariş Verisi'!J2:J9) -> 3350
A5: İade Edilen Siparişler Tutarı | B5: =SUMIFS('Sipariş Verisi'!J2:J9,'Sipariş Verisi'!I2:I9,"İade") -> 450
A6: Toplam Ciro (İade Haric) | B6: =B4-B5 -> 2900

Sheet Grafik
A11: Kategori Bazında Satış Grafiği
A13: Ürün Kategorisi | B13: Toplam Satış Tutarı (TL)
A14: ='Kategori Analizi'!A4 -> Aksesuar | B14: ='Kategori Analizi'!C4 -> 850
A15: ='Kategori Analizi'!A5 -> Erkek Giyim | B15: ='Kategori Analizi'!C5 -> 1300
A16: ='Kategori Analizi'!A6 -> Kadın Giyim | B16: ='Kategori Analizi'!C6 -> 1200

Sheet Yorum
A1: Analiz ve Yorum
A3: Veri setindeki siparişler incelendiğinde, iptal/iade edilen işlemlerin %100'ünün 'Kadın Giyim' kategorisine ait (Spor Sütyeni ve Tayt) olduğu tespit edilmiştir. Kadin Giyim, en fazla siparis satirina sahip kategoridir. Ancak sipariş iade oranı yüksek seviyededir (5 siparişin 2'si iade). Bu oran belirgin şekilde diğer kategorilerin üzerindedir ve incelenmesi gerekmektedir.
A6: Bu durum, ilgili ürünlerde ölçü/beden veya ürün fotoğraflarında tutarsızlık yaşandığına işaret etmektedir.
A7: Çözüm Önerisi: E-ticaret platformunda bu ürünlerin sayfasındaki beden ölçü tablolarının ve ürün fotoğraflarının daha detaylı (tutarlı) hale getirilmesi, iade oranlarını optimize edecektir.
